-- phpMyAdmin SQL Dump
-- version 4.6.5.2
-- https://www.phpmyadmin.net/
--
-- Host: localhost
-- Creato il: Apr 14, 2017 alle 14:15
-- Versione del server: 10.1.21-MariaDB
-- Versione PHP: 5.6.30

SET SQL_MODE = "NO_AUTO_VALUE_ON_ZERO";
SET time_zone = "+00:00";


/*!40101 SET @OLD_CHARACTER_SET_CLIENT=@@CHARACTER_SET_CLIENT */;
/*!40101 SET @OLD_CHARACTER_SET_RESULTS=@@CHARACTER_SET_RESULTS */;
/*!40101 SET @OLD_COLLATION_CONNECTION=@@COLLATION_CONNECTION */;
/*!40101 SET NAMES utf8 */;

--
-- Database: `prevpiogge`
--

-- --------------------------------------------------------

--
-- Struttura della tabella `dettaglioprevisioni`
--

CREATE TABLE `dettaglioprevisioni` (
  `ID` int(11) NOT NULL,
  `ID_previsione` int(11) NOT NULL,
  `zona` set('60','61','62','63','64') NOT NULL,
  `ID_fasciaoraria` int(11) NOT NULL,
  `ID_tipoprevisione` int(11) NOT NULL
) ENGINE=InnoDB DEFAULT CHARSET=latin1;

--
-- Dump dei dati per la tabella `dettaglioprevisioni`
--

INSERT INTO `dettaglioprevisioni` (`ID`, `ID_previsione`, `zona`, `ID_fasciaoraria`, `ID_tipoprevisione`) VALUES
(1, 1, '63', 1, 0),
(2, 1, '63', 2, 0),
(3, 1, '63', 3, 0),
(4, 1, '63', 4, 1),
(5, 1, '63', 5, 1),
(6, 1, '63', 6, 1),
(7, 1, '62', 1, 0),
(8, 1, '62', 2, 0),
(9, 1, '62', 3, 0),
(10, 1, '62', 4, 0),
(11, 1, '62', 5, 0),
(12, 1, '62', 6, 0),
(13, 1, '64', 1, 0),
(14, 1, '64', 2, 0),
(15, 1, '64', 3, 0),
(16, 1, '64', 4, 1),
(17, 1, '64', 5, 1),
(18, 1, '64', 6, 0),
(19, 1, '60', 1, 0),
(20, 1, '60', 2, 0),
(21, 1, '60', 3, 0),
(22, 1, '60', 4, 0),
(23, 1, '60', 5, 0),
(24, 1, '60', 6, 0),
(25, 1, '61', 1, 0),
(26, 1, '61', 2, 0),
(27, 1, '61', 3, 0),
(28, 1, '61', 4, 0),
(29, 1, '61', 5, 1),
(30, 1, '61', 6, 1),
(31, 2, '63', 1, 0),
(32, 2, '63', 2, 0),
(33, 2, '63', 3, 0),
(34, 2, '63', 4, 0),
(35, 2, '63', 5, 0),
(36, 2, '63', 6, 0),
(37, 2, '64', 1, 0),
(38, 2, '64', 2, 0),
(39, 2, '64', 3, 0),
(40, 2, '64', 4, 0),
(41, 2, '64', 5, 0),
(42, 2, '64', 6, 0),
(43, 2, '62', 1, 0),
(44, 2, '62', 2, 0),
(45, 2, '62', 3, 0),
(46, 2, '62', 4, 0),
(47, 2, '62', 5, 0),
(48, 2, '62', 6, 0),
(49, 2, '60', 1, 0),
(50, 2, '60', 2, 0),
(51, 2, '60', 3, 0),
(52, 2, '60', 4, 0),
(53, 2, '60', 5, 0),
(54, 2, '60', 6, 0),
(55, 2, '61', 1, 0),
(56, 2, '61', 2, 0),
(57, 2, '61', 3, 0),
(58, 2, '61', 4, 0),
(59, 2, '61', 5, 0),
(60, 2, '61', 6, 0),
(61, 3, '63', 1, 0),
(62, 3, '63', 2, 0),
(63, 3, '63', 3, 0),
(64, 3, '63', 4, 0),
(65, 3, '63', 5, 0),
(66, 3, '63', 6, 0),
(67, 3, '64', 1, 0),
(68, 3, '64', 2, 0),
(69, 3, '64', 3, 0),
(70, 3, '64', 4, 0),
(71, 3, '64', 5, 0),
(72, 3, '64', 6, 0),
(73, 3, '62', 1, 0),
(74, 3, '62', 2, 0),
(75, 3, '62', 3, 0),
(76, 3, '62', 4, 0),
(77, 3, '62', 5, 0),
(78, 3, '62', 6, 0),
(79, 3, '60', 1, 0),
(80, 3, '60', 2, 0),
(81, 3, '60', 3, 0),
(82, 3, '60', 4, 0),
(83, 3, '60', 5, 0),
(84, 3, '60', 6, 0),
(85, 3, '61', 1, 0),
(86, 3, '61', 2, 0),
(87, 3, '61', 3, 0),
(88, 3, '61', 4, 0),
(89, 3, '61', 5, 0),
(90, 3, '61', 6, 0),
(91, 4, '63', 1, 0),
(92, 4, '63', 2, 0),
(93, 4, '63', 3, 0),
(94, 4, '63', 4, 0),
(95, 4, '63', 5, 0),
(96, 4, '63', 6, 0),
(97, 4, '64', 1, 0),
(98, 4, '64', 2, 0),
(99, 4, '64', 3, 0),
(100, 4, '64', 4, 0),
(101, 4, '64', 5, 0),
(102, 4, '64', 6, 0),
(103, 4, '62', 1, 0),
(104, 4, '62', 2, 0),
(105, 4, '62', 3, 0),
(106, 4, '62', 4, 0),
(107, 4, '62', 5, 0),
(108, 4, '62', 6, 0),
(109, 4, '60', 1, 0),
(110, 4, '60', 2, 0),
(111, 4, '60', 3, 0),
(112, 4, '60', 4, 0),
(113, 4, '60', 5, 0),
(114, 4, '60', 6, 0),
(115, 4, '61', 1, 0),
(116, 4, '61', 2, 0),
(117, 4, '61', 3, 0),
(118, 4, '61', 4, 0),
(119, 4, '61', 5, 0),
(120, 4, '61', 6, 0),
(121, 5, '63', 1, 0),
(122, 5, '63', 2, 0),
(123, 5, '63', 3, 0),
(124, 5, '63', 4, 0),
(125, 5, '63', 5, 0),
(126, 5, '63', 6, 0),
(127, 5, '64', 1, 0),
(128, 5, '64', 2, 0),
(129, 5, '64', 3, 0),
(130, 5, '64', 4, 0),
(131, 5, '64', 5, 0),
(132, 5, '64', 6, 0),
(133, 5, '62', 1, 0),
(134, 5, '62', 2, 0),
(135, 5, '62', 3, 0),
(136, 5, '62', 4, 0),
(137, 5, '62', 5, 0),
(138, 5, '62', 6, 0),
(139, 5, '60', 1, 0),
(140, 5, '60', 2, 0),
(141, 5, '60', 3, 0),
(142, 5, '60', 4, 0),
(143, 5, '60', 5, 0),
(144, 5, '60', 6, 0),
(145, 5, '61', 1, 0),
(146, 5, '61', 2, 0),
(147, 5, '61', 3, 0),
(148, 5, '61', 4, 0),
(149, 5, '61', 5, 0),
(150, 5, '61', 6, 0),
(151, 6, '63', 1, 0),
(152, 6, '63', 2, 0),
(153, 6, '63', 3, 0),
(154, 6, '63', 4, 0),
(155, 6, '63', 5, 0),
(156, 6, '63', 6, 0),
(157, 6, '64', 1, 0),
(158, 6, '64', 2, 0),
(159, 6, '64', 3, 0),
(160, 6, '64', 4, 0),
(161, 6, '64', 5, 0),
(162, 6, '64', 6, 0),
(163, 6, '62', 1, 0),
(164, 6, '62', 2, 0),
(165, 6, '62', 3, 0),
(166, 6, '62', 4, 0),
(167, 6, '62', 5, 0),
(168, 6, '62', 6, 0),
(169, 6, '60', 1, 0),
(170, 6, '60', 2, 0),
(171, 6, '60', 3, 0),
(172, 6, '60', 4, 0),
(173, 6, '60', 5, 0),
(174, 6, '60', 6, 0),
(175, 6, '61', 1, 0),
(176, 6, '61', 2, 0),
(177, 6, '61', 3, 0),
(178, 6, '61', 4, 0),
(179, 6, '61', 5, 0),
(180, 6, '61', 6, 0),
(181, 7, '63', 1, 0),
(182, 7, '63', 2, 0),
(183, 7, '63', 3, 0),
(184, 7, '63', 4, 0),
(185, 7, '63', 5, 0),
(186, 7, '63', 6, 0),
(187, 7, '64', 1, 0),
(188, 7, '64', 2, 1),
(189, 7, '64', 3, 1),
(190, 7, '64', 4, 0),
(191, 7, '64', 5, 0),
(192, 7, '64', 6, 0),
(193, 7, '62', 1, 0),
(194, 7, '62', 2, 1),
(195, 7, '62', 3, 1),
(196, 7, '62', 4, 0),
(197, 7, '62', 5, 0),
(198, 7, '62', 6, 0),
(199, 7, '60', 1, 0),
(200, 7, '60', 2, 0),
(201, 7, '60', 3, 0),
(202, 7, '60', 4, 0),
(203, 7, '60', 5, 0),
(204, 7, '60', 6, 0),
(205, 7, '61', 1, 0),
(206, 7, '61', 2, 0),
(207, 7, '61', 3, 0),
(208, 7, '61', 4, 0),
(209, 7, '61', 5, 0),
(210, 7, '61', 6, 0),
(211, 8, '63', 1, 0),
(212, 8, '63', 2, 0),
(213, 8, '63', 3, 0),
(214, 8, '63', 4, 0),
(215, 8, '63', 5, 0),
(216, 8, '63', 6, 0),
(217, 8, '64', 1, 0),
(218, 8, '64', 2, 0),
(219, 8, '64', 3, 0),
(220, 8, '64', 4, 0),
(221, 8, '64', 5, 0),
(222, 8, '64', 6, 0),
(223, 8, '62', 1, 0),
(224, 8, '62', 2, 0),
(225, 8, '62', 3, 0),
(226, 8, '62', 4, 0),
(227, 8, '62', 5, 0),
(228, 8, '62', 6, 0),
(229, 8, '60', 1, 0),
(230, 8, '60', 2, 0),
(231, 8, '60', 3, 0),
(232, 8, '60', 4, 0),
(233, 8, '60', 5, 0),
(234, 8, '60', 6, 0),
(235, 8, '61', 1, 0),
(236, 8, '61', 2, 0),
(237, 8, '61', 3, 0),
(238, 8, '61', 4, 0),
(239, 8, '61', 5, 0),
(240, 8, '61', 6, 0),
(241, 9, '63', 1, 0),
(242, 9, '63', 2, 0),
(243, 9, '63', 3, 0),
(244, 9, '63', 4, 0),
(245, 9, '63', 5, 0),
(246, 9, '63', 6, 0),
(247, 9, '64', 1, 0),
(248, 9, '64', 2, 0),
(249, 9, '64', 3, 0),
(250, 9, '64', 4, 0),
(251, 9, '64', 5, 0),
(252, 9, '64', 6, 0),
(253, 9, '62', 1, 0),
(254, 9, '62', 2, 0),
(255, 9, '62', 3, 0),
(256, 9, '62', 4, 0),
(257, 9, '62', 5, 0),
(258, 9, '62', 6, 0),
(259, 9, '60', 1, 0),
(260, 9, '60', 2, 0),
(261, 9, '60', 3, 0),
(262, 9, '60', 4, 0),
(263, 9, '60', 5, 0),
(264, 9, '60', 6, 0),
(265, 9, '61', 1, 0),
(266, 9, '61', 2, 0),
(267, 9, '61', 3, 0),
(268, 9, '61', 4, 0),
(269, 9, '61', 5, 0),
(270, 9, '61', 6, 0),
(271, 10, '63', 1, 0),
(272, 10, '63', 2, 0),
(273, 10, '63', 3, 0),
(274, 10, '63', 4, 0),
(275, 10, '63', 5, 0),
(276, 10, '63', 6, 0),
(277, 10, '64', 1, 0),
(278, 10, '64', 2, 0),
(279, 10, '64', 3, 0),
(280, 10, '64', 4, 0),
(281, 10, '64', 5, 0),
(282, 10, '64', 6, 0),
(283, 10, '62', 1, 0),
(284, 10, '62', 2, 0),
(285, 10, '62', 3, 0),
(286, 10, '62', 4, 0),
(287, 10, '62', 5, 0),
(288, 10, '62', 6, 0),
(289, 10, '60', 1, 0),
(290, 10, '60', 2, 0),
(291, 10, '60', 3, 0),
(292, 10, '60', 4, 0),
(293, 10, '60', 5, 0),
(294, 10, '60', 6, 0),
(295, 10, '61', 1, 0),
(296, 10, '61', 2, 0),
(297, 10, '61', 3, 0),
(298, 10, '61', 4, 0),
(299, 10, '61', 5, 0),
(300, 10, '61', 6, 0),
(301, 11, '63', 1, 0),
(302, 11, '63', 2, 0),
(303, 11, '63', 3, 0),
(304, 11, '63', 4, 0),
(305, 11, '63', 5, 0),
(306, 11, '63', 6, 0),
(307, 11, '64', 1, 0),
(308, 11, '64', 2, 0),
(309, 11, '64', 3, 0),
(310, 11, '64', 4, 0),
(311, 11, '64', 5, 0),
(312, 11, '64', 6, 0),
(313, 11, '62', 1, 0),
(314, 11, '62', 2, 0),
(315, 11, '62', 3, 0),
(316, 11, '62', 4, 0),
(317, 11, '62', 5, 0),
(318, 11, '62', 6, 0),
(319, 11, '60', 1, 0),
(320, 11, '60', 2, 0),
(321, 11, '60', 3, 0),
(322, 11, '60', 4, 0),
(323, 11, '60', 5, 0),
(324, 11, '60', 6, 0),
(325, 11, '61', 1, 0),
(326, 11, '61', 2, 0),
(327, 11, '61', 3, 0),
(328, 11, '61', 4, 0),
(329, 11, '61', 5, 0),
(330, 11, '61', 6, 0),
(331, 12, '63', 1, 0),
(332, 12, '63', 2, 0),
(333, 12, '63', 3, 0),
(334, 12, '63', 4, 0),
(335, 12, '63', 5, 0),
(336, 12, '63', 6, 0),
(337, 12, '64', 1, 0),
(338, 12, '64', 2, 0),
(339, 12, '64', 3, 0),
(340, 12, '64', 4, 0),
(341, 12, '64', 5, 0),
(342, 12, '64', 6, 0),
(343, 12, '62', 1, 0),
(344, 12, '62', 2, 0),
(345, 12, '62', 3, 0),
(346, 12, '62', 4, 0),
(347, 12, '62', 5, 0),
(348, 12, '62', 6, 0),
(349, 12, '60', 1, 0),
(350, 12, '60', 2, 0),
(351, 12, '60', 3, 0),
(352, 12, '60', 4, 0),
(353, 12, '60', 5, 0),
(354, 12, '60', 6, 0),
(355, 12, '61', 1, 0),
(356, 12, '61', 2, 0),
(357, 12, '61', 3, 0),
(358, 12, '61', 4, 0),
(359, 12, '61', 5, 0),
(360, 12, '61', 6, 0),
(361, 13, '63', 1, 0),
(362, 13, '63', 2, 0),
(363, 13, '63', 3, 0),
(364, 13, '63', 4, 0),
(365, 13, '63', 5, 0),
(366, 13, '63', 6, 0),
(367, 13, '64', 1, 0),
(368, 13, '64', 2, 0),
(369, 13, '64', 3, 0),
(370, 13, '64', 4, 0),
(371, 13, '64', 5, 0),
(372, 13, '64', 6, 0),
(373, 13, '62', 1, 0),
(374, 13, '62', 2, 0),
(375, 13, '62', 3, 0),
(376, 13, '62', 4, 0),
(377, 13, '62', 5, 0),
(378, 13, '62', 6, 0),
(379, 13, '60', 1, 0),
(380, 13, '60', 2, 0),
(381, 13, '60', 3, 0),
(382, 13, '60', 4, 0),
(383, 13, '60', 5, 0),
(384, 13, '60', 6, 0),
(385, 13, '61', 1, 0),
(386, 13, '61', 2, 0),
(387, 13, '61', 3, 0),
(388, 13, '61', 4, 0),
(389, 13, '61', 5, 0),
(390, 13, '61', 6, 0),
(391, 14, '63', 1, 0),
(392, 14, '63', 2, 0),
(393, 14, '63', 3, 0),
(394, 14, '63', 4, 0),
(395, 14, '63', 5, 0),
(396, 14, '63', 6, 0),
(397, 14, '64', 1, 0),
(398, 14, '64', 2, 0),
(399, 14, '64', 3, 0),
(400, 14, '64', 4, 0),
(401, 14, '64', 5, 0),
(402, 14, '64', 6, 0),
(403, 14, '62', 1, 0),
(404, 14, '62', 2, 0),
(405, 14, '62', 3, 0),
(406, 14, '62', 4, 0),
(407, 14, '62', 5, 0),
(408, 14, '62', 6, 0),
(409, 14, '60', 1, 0),
(410, 14, '60', 2, 0),
(411, 14, '60', 3, 0),
(412, 14, '60', 4, 0),
(413, 14, '60', 5, 0),
(414, 14, '60', 6, 0),
(415, 14, '61', 1, 0),
(416, 14, '61', 2, 0),
(417, 14, '61', 3, 0),
(418, 14, '61', 4, 0),
(419, 14, '61', 5, 0),
(420, 14, '61', 6, 0),
(421, 15, '63', 1, 0),
(422, 15, '63', 2, 0),
(423, 15, '63', 3, 0),
(424, 15, '63', 4, 0),
(425, 15, '63', 5, 0),
(426, 15, '63', 6, 0),
(427, 15, '64', 1, 0),
(428, 15, '64', 2, 0),
(429, 15, '64', 3, 0),
(430, 15, '64', 4, 0),
(431, 15, '64', 5, 0),
(432, 15, '64', 6, 0),
(433, 15, '62', 1, 0),
(434, 15, '62', 2, 0),
(435, 15, '62', 3, 0),
(436, 15, '62', 4, 0),
(437, 15, '62', 5, 0),
(438, 15, '62', 6, 0),
(439, 15, '60', 1, 0),
(440, 15, '60', 2, 0),
(441, 15, '60', 3, 0),
(442, 15, '60', 4, 0),
(443, 15, '60', 5, 0),
(444, 15, '60', 6, 0),
(445, 15, '61', 1, 0),
(446, 15, '61', 2, 0),
(447, 15, '61', 3, 0),
(448, 15, '61', 4, 0),
(449, 15, '61', 5, 0),
(450, 15, '61', 6, 0),
(451, 16, '63', 1, 0),
(452, 16, '63', 2, 0),
(453, 16, '63', 3, 0),
(454, 16, '63', 4, 0),
(455, 16, '63', 5, 0),
(456, 16, '63', 6, 0),
(457, 16, '64', 1, 0),
(458, 16, '64', 2, 0),
(459, 16, '64', 3, 0),
(460, 16, '64', 4, 0),
(461, 16, '64', 5, 0),
(462, 16, '64', 6, 0),
(463, 16, '62', 1, 0),
(464, 16, '62', 2, 0),
(465, 16, '62', 3, 0),
(466, 16, '62', 4, 0),
(467, 16, '62', 5, 0),
(468, 16, '62', 6, 0),
(469, 16, '60', 1, 0),
(470, 16, '60', 2, 0),
(471, 16, '60', 3, 0),
(472, 16, '60', 4, 0),
(473, 16, '60', 5, 0),
(474, 16, '60', 6, 0),
(475, 16, '61', 1, 0),
(476, 16, '61', 2, 0),
(477, 16, '61', 3, 0),
(478, 16, '61', 4, 0),
(479, 16, '61', 5, 0),
(480, 16, '61', 6, 0),
(481, 17, '63', 1, 0),
(482, 17, '63', 2, 0),
(483, 17, '63', 3, 0),
(484, 17, '63', 4, 0),
(485, 17, '63', 5, 0),
(486, 17, '63', 6, 0),
(487, 17, '64', 1, 0),
(488, 17, '64', 2, 0),
(489, 17, '64', 3, 0),
(490, 17, '64', 4, 0),
(491, 17, '64', 5, 0),
(492, 17, '64', 6, 0),
(493, 17, '62', 1, 0),
(494, 17, '62', 2, 0),
(495, 17, '62', 3, 0),
(496, 17, '62', 4, 0),
(497, 17, '62', 5, 0),
(498, 17, '62', 6, 0),
(499, 17, '60', 1, 0),
(500, 17, '60', 2, 0),
(501, 17, '60', 3, 0),
(502, 17, '60', 4, 0),
(503, 17, '60', 5, 0),
(504, 17, '60', 6, 0),
(505, 17, '61', 1, 0),
(506, 17, '61', 2, 0),
(507, 17, '61', 3, 0),
(508, 17, '61', 4, 0),
(509, 17, '61', 5, 0),
(510, 17, '61', 6, 0);

-- --------------------------------------------------------

--
-- Struttura della tabella `fasciaorariaprevisione`
--

CREATE TABLE `fasciaorariaprevisione` (
  `ID` int(11) NOT NULL,
  `codice` char(1) NOT NULL,
  `fasciaoraria` varchar(30) NOT NULL
) ENGINE=InnoDB DEFAULT CHARSET=latin1;

--
-- Dump dei dati per la tabella `fasciaorariaprevisione`
--

INSERT INTO `fasciaorariaprevisione` (`ID`, `codice`, `fasciaoraria`) VALUES
(1, 'a', 'Oggi 12 - 15'),
(2, 'b', 'Oggi 15 - 18'),
(3, 'c', 'Oggi 18 - 21'),
(4, 'd', 'Oggi 21 - 24'),
(5, 'e', 'Domani 00 - 03'),
(6, 'f', 'Domani 03 - 06'),
(7, 'g', 'Domani 06 - 09'),
(8, 'h', 'Domani 09 - 12'),
(9, 'i', 'Domani 12 - 15'),
(10, 'j', 'Domani 15 - 18'),
(11, 'k', 'Domani 18 - 21'),
(12, 'l', 'Domani 21 - 24');

-- --------------------------------------------------------

--
-- Struttura della tabella `previsionieffettuate`
--

CREATE TABLE `previsionieffettuate` (
  `ID` int(11) NOT NULL,
  `ID_utente` int(11) NOT NULL,
  `Data` date NOT NULL,
  `Ora` time NOT NULL,
  `inTurno` int(1) NOT NULL COMMENT 'Il meteorologo che si logga deve dire se in quella giornata è in turno oppure no'
) ENGINE=InnoDB DEFAULT CHARSET=latin1;

--
-- Dump dei dati per la tabella `previsionieffettuate`
--

INSERT INTO `previsionieffettuate` (`ID`, `ID_utente`, `Data`, `Ora`, `inTurno`) VALUES
(1, 27, '2017-01-20', '12:00:00', 0),
(2, 27, '2016-12-15', '11:45:00', 0),
(3, 27, '2016-12-14', '12:25:00', 0),
(4, 27, '2016-12-07', '10:35:00', 0),
(5, 27, '2016-12-01', '11:35:00', 0),
(6, 27, '2016-11-11', '11:35:00', 0),
(7, 27, '2016-11-07', '12:25:00', 0),
(8, 27, '2016-11-03', '11:25:00', 0),
(9, 27, '2016-11-01', '09:40:00', 0),
(10, 27, '2016-10-31', '09:40:00', 0),
(11, 27, '2016-10-30', '09:40:00', 0),
(12, 27, '2016-10-29', '09:40:00', 0),
(13, 27, '2016-10-28', '09:40:00', 0),
(14, 27, '2016-10-27', '11:25:00', 0),
(15, 27, '2016-10-26', '11:15:00', 0),
(16, 27, '2016-10-25', '12:00:00', 0),
(17, 27, '2016-10-24', '12:00:00', 0);

-- --------------------------------------------------------

--
-- Struttura della tabella `tipoprevisione`
--

CREATE TABLE `tipoprevisione` (
  `id` int(11) NOT NULL,
  `previsione` varchar(30) NOT NULL
) ENGINE=InnoDB DEFAULT CHARSET=latin1;

--
-- Dump dei dati per la tabella `tipoprevisione`
--

INSERT INTO `tipoprevisione` (`id`, `previsione`) VALUES
(0, 'Nessuna precipitazione'),
(1, 'FS'),
(2, 'FD');

-- --------------------------------------------------------

--
-- Struttura della tabella `utenti`
--

CREATE TABLE `utenti` (
  `ID` int(11) NOT NULL,
  `tipo` set('0','1','2') NOT NULL DEFAULT '0' COMMENT '0 = Meteo, 1 = Dirigente, 2 = Admin',
  `nome` varchar(50) NOT NULL,
  `cognome` varchar(50) NOT NULL,
  `username` varchar(50) NOT NULL,
  `password` varchar(32) NOT NULL,
  `email` varchar(50) DEFAULT NULL
) ENGINE=InnoDB DEFAULT CHARSET=latin1;

--
-- Dump dei dati per la tabella `utenti`
--

INSERT INTO `utenti` (`ID`, `tipo`, `nome`, `cognome`, `username`, `password`, `email`) VALUES
(12, '1', 'Maria Grazia', 'Pintus', 'dirigente', '3734fa4dbcff0a162f1737413ac7135c', 'mgpintus@arpa.sardegna.it'),
(21, '2', 'Chiara', 'Orru', 'chorru', '243a3b6f7ddfea2599743ce3370d5229', 'chorru@arpa.sardegna.it'),
(22, '0', 'Giacomo', 'Agrillo', 'gagrillo', '7905dc9b28a99ececfd6c31c0e9a6ccc', 'gagrillo@arpa.sardegna.it'),
(23, '0', 'Paolo', 'Boi', 'pboi', '976f0c87f1c58cd5238e76afb34caaab', 'pboi@arpa.sardegna.it'),
(24, '0', 'Carluccio', 'Castiglia', 'ccastiglia', '458fe03c78c4e6421b390094778086e2', 'ccastiglia@arpa.sardegna.it'),
(25, '0', 'Piero', 'Cau', 'pcau', '35abdf4355dd1af90beb1e027e0a2e1b', 'pcau@arpa.sardegna.it'),
(26, '0', 'Alessandro', 'Delitala', 'adelitala', 'aaf99b11826a10e452b601d17506c899', 'adelitala@arpa.sardegna.it'),
(27, '0', 'Carlo', 'Dessy', 'cdessy', '3d8e89acf5025e4a83ba1bc7f3159818', 'cdessy@arpa.sardegna.it'),
(28, '0', 'Gianni', 'Ficca', 'gficca', 'a6529e427d2df6ce21f5d00f02c9a06a', 'gficca@arpa.sardegna.it'),
(29, '0', 'Francesco', 'Nasir', 'fnasir', 'e3f461998f53cfbfde91733155047dc8', 'fnasir@arpa.sardegna.it'),
(30, '0', 'Salvatore', 'Natale', 'snatale', 'd6ae589bc0f3c336b2bb6301e7ba3d9b', 'snatale@arpa.sardegna.it'),
(31, '0', 'Paolo', 'Nicolosi', 'pnicolosi', '90366a3115239a4375d283d20e55142c', 'pnicolosi@arpa.sardegna.it'),
(32, '0', 'Samuele', 'Salis', 'ssalis', 'fd2c8796e92618edada2948e36efa5a9', 'ssalis@arpa.sardegna.it'),
(33, '0', 'Manuela', 'Idini', 'midini', '14eabc4f73631d2ad74fc377e347786b', 'midini@arpa.sardegna.it'),
(34, '0', 'Fabio', 'Petretto', 'fpetretto', '828285d3c7a63c1260ff09f5fedad0ee', 'fpetretto@arpa.sardegna.it'),
(35, '0', 'Alessandro', 'Serra', 'aserra', 'f9af799df6e090e5f6bc0975f5ae229e', 'aserra@arpa.sardegna.it');

-- --------------------------------------------------------

--
-- Struttura della tabella `zone`
--

CREATE TABLE `zone` (
  `ID` int(11) NOT NULL,
  `numZona` int(11) NOT NULL,
  `nomeZona` varchar(50) NOT NULL
) ENGINE=InnoDB DEFAULT CHARSET=latin1 COMMENT='Tabella con nomi e numeri identificativi delle 5 zone di allerta ';

--
-- Dump dei dati per la tabella `zone`
--

INSERT INTO `zone` (`ID`, `numZona`, `nomeZona`) VALUES
(1, 60, '60'),
(2, 61, '61'),
(3, 62, '62'),
(4, 63, '63'),
(5, 64, '64');

--
-- Indici per le tabelle scaricate
--

--
-- Indici per le tabelle `dettaglioprevisioni`
--
ALTER TABLE `dettaglioprevisioni`
  ADD PRIMARY KEY (`ID`),
  ADD KEY `dettaglioprevisioni_ibfk_1` (`ID_previsione`),
  ADD KEY `dettaglioprevisioni_ibfk_2` (`ID_tipoprevisione`),
  ADD KEY `dettaglioprevisioni_ibfk_3` (`ID_fasciaoraria`);

--
-- Indici per le tabelle `fasciaorariaprevisione`
--
ALTER TABLE `fasciaorariaprevisione`
  ADD PRIMARY KEY (`ID`);

--
-- Indici per le tabelle `previsionieffettuate`
--
ALTER TABLE `previsionieffettuate`
  ADD PRIMARY KEY (`ID`),
  ADD KEY `previsionieffettuate_ibfk_1` (`ID_utente`);

--
-- Indici per le tabelle `tipoprevisione`
--
ALTER TABLE `tipoprevisione`
  ADD PRIMARY KEY (`id`);

--
-- Indici per le tabelle `utenti`
--
ALTER TABLE `utenti`
  ADD PRIMARY KEY (`ID`),
  ADD UNIQUE KEY `username` (`username`),
  ADD UNIQUE KEY `username_2` (`username`),
  ADD UNIQUE KEY `username_3` (`username`),
  ADD UNIQUE KEY `email` (`email`);

--
-- Indici per le tabelle `zone`
--
ALTER TABLE `zone`
  ADD PRIMARY KEY (`ID`);

--
-- AUTO_INCREMENT per le tabelle scaricate
--

--
-- AUTO_INCREMENT per la tabella `dettaglioprevisioni`
--
ALTER TABLE `dettaglioprevisioni`
  MODIFY `ID` int(11) NOT NULL AUTO_INCREMENT, AUTO_INCREMENT=1411;
--
-- AUTO_INCREMENT per la tabella `fasciaorariaprevisione`
--
ALTER TABLE `fasciaorariaprevisione`
  MODIFY `ID` int(11) NOT NULL AUTO_INCREMENT, AUTO_INCREMENT=13;
--
-- AUTO_INCREMENT per la tabella `previsionieffettuate`
--
ALTER TABLE `previsionieffettuate`
  MODIFY `ID` int(11) NOT NULL AUTO_INCREMENT, AUTO_INCREMENT=37;
--
-- AUTO_INCREMENT per la tabella `utenti`
--
ALTER TABLE `utenti`
  MODIFY `ID` int(11) NOT NULL AUTO_INCREMENT, AUTO_INCREMENT=36;
--
-- AUTO_INCREMENT per la tabella `zone`
--
ALTER TABLE `zone`
  MODIFY `ID` int(11) NOT NULL AUTO_INCREMENT, AUTO_INCREMENT=6;
--
-- Limiti per le tabelle scaricate
--

--
-- Limiti per la tabella `dettaglioprevisioni`
--
ALTER TABLE `dettaglioprevisioni`
  ADD CONSTRAINT `dettaglioprevisioni_ibfk_1` FOREIGN KEY (`ID_previsione`) REFERENCES `previsionieffettuate` (`ID`) ON DELETE CASCADE ON UPDATE CASCADE,
  ADD CONSTRAINT `dettaglioprevisioni_ibfk_2` FOREIGN KEY (`ID_tipoprevisione`) REFERENCES `tipoprevisione` (`id`) ON DELETE CASCADE ON UPDATE CASCADE,
  ADD CONSTRAINT `dettaglioprevisioni_ibfk_3` FOREIGN KEY (`ID_fasciaoraria`) REFERENCES `fasciaorariaprevisione` (`ID`) ON DELETE CASCADE ON UPDATE CASCADE;

--
-- Limiti per la tabella `previsionieffettuate`
--
ALTER TABLE `previsionieffettuate`
  ADD CONSTRAINT `previsionieffettuate_ibfk_1` FOREIGN KEY (`ID_utente`) REFERENCES `utenti` (`ID`) ON DELETE CASCADE ON UPDATE CASCADE;

/*!40101 SET CHARACTER_SET_CLIENT=@OLD_CHARACTER_SET_CLIENT */;
/*!40101 SET CHARACTER_SET_RESULTS=@OLD_CHARACTER_SET_RESULTS */;
/*!40101 SET COLLATION_CONNECTION=@OLD_COLLATION_CONNECTION */;
